标题,播放量,UP主,链接,时间
当我把家里的门改成了一块屏幕...,44485919,小狮日记,https://www.bilibili.com/video/BV1xQWizoE6k,07-02 20:56
【才浅手工】魔刀千刃制作 究竟什么叫还原？看完你就明白了,26420743,才疏学浅的才浅,https://www.bilibili.com/video/BV1tJ411W7hw,07-02 20:56
【何同学】我做了苹果放弃的产品...,26086877,老师好我叫何同学,https://www.bilibili.com/video/BV19v411M7Rs,07-02 20:56
儿童玩具之用彩虹糖给小宝宝洗澡,25479417,彩虹的花园,https://www.bilibili.com/video/BV1FL4y1e7Bk,07-02 20:56
【何同学】我们做了台魔法钢琴…,24862805,老师好我叫何同学,https://www.bilibili.com/video/BV1d1vUBUE54,07-02 20:56
【何同学】为了不用倒垃圾，我们做了这个...,23880325,老师好我叫何同学,https://www.bilibili.com/video/BV1JDMQzUEwy,07-02 20:56
为了横扫游戏厅，我做了个作弊篮球！,23209104,黑人黑科技,https://www.bilibili.com/video/BV12nkNBaEx4,07-02 20:56
小黄：等下，这剧本不对呀！,21948938,小小小土豆1996,https://www.bilibili.com/video/BV14yYGz2Ef8,07-02 20:56
因为懒得下床关灯，我做了一根魔杖,21207733,小狮日记,https://www.bilibili.com/video/BV1yz421h76q,07-02 20:56
自制招财猫打雪仗机甲,20876864,手工耿,https://www.bilibili.com/video/BV1pEwvevEYU,07-02 20:56
